{"respawnables":[{"objType":0,"position":{"x":-1.6915310621261597,"y":-9.065262794494629,"z":0.22327378392219544},"rotation":{"x":-0.000416783441323787,"y":0.7337985038757324,"z":0.6793670058250427,"w":0.0003619837516453117},"wildCard":15}],"playerMoney":562.0,"playerPosition":{"x":-4.042085647583008,"y":-8.422771453857422,"z":-9.437368392944336},"Deliveries":[]}